{"N_mic": 4, "N_edge_sub": 5, "N_edge_prod": 5, "N_edge": 5, "N_unbalanced": 2, "N_enzyme": 5, "N_phosphorylation": 0, "N_pme": 0, "N_competitive_inhibition": 1, "N_allostery": 2, "N_allosteric_enzyme": 2, "N_drain": 0, "N_km": 10, "N_sub_km": 5, "N_prod_km": 5, "S": [[-1, -1, -1, 0, 0], [1, 0, 0, -1, 0], [0, 1, 1, 0, -1], [0, 0, 0, 1, 1]], "N_reaction": 4, "N_metabolite": 4, "balanced_mic_ix": [2, 3], "unbalanced_mic_ix": [1, 4], "ci_mic_ix": [4], "edge_type": [1, 1, 1, 1, 1], "edge_to_enzyme": [1, 2, 3, 4, 5], "edge_to_tc": [0, 1, 2, 0, 0], "edge_to_drain": [0, 0, 0, 0, 0], "edge_to_reaction": [1, 2, 2, 3, 4], "water_stoichiometry": [0.0, 0.0, 0.0, 0.0, 0.0], "transported_charge": [0.0, 0.0, 0.0, 0.0, 0.0], "mic_to_met": [1, 2, 3, 4], "subunits": [1, 1, 1, 1, 1], "sub_by_edge_long": [1, 1, 1, 2, 3], "sub_by_edge_bounds": [[1, 1], [2, 2], [3, 3], [4, 4], [5, 5]], "prod_by_edge_long": [2, 3, 3, 4, 4], "prod_by_edge_bounds": [[1, 1], [2, 2], [3, 3], [4, 4], [5, 5]], "sub_km_ix_by_edge_long": [1, 3, 5, 7, 9], "sub_km_ix_by_edge_bounds": [[1, 1], [2, 2], [3, 3], [4, 4], [5, 5]], "prod_km_ix_by_edge_long": [2, 4, 6, 8, 10], "prod_km_ix_by_edge_bounds": [[1, 1], [2, 2], [3, 3], [4, 4], [5, 5]], "ci_ix_long": [1], "ci_ix_bounds": [[1, 1], [2, 1], [2, 1], [2, 1], [2, 1]], "allostery_ix_long": [1, 2], "allostery_ix_bounds": [[1, 0], [1, 1], [2, 2], [3, 2], [3, 2]], "allostery_type": [1, 2], "allostery_mic": [3, 3], "phosphorylation_ix_long": [], "phosphorylation_ix_bounds": [[1, 0], [1, 0], [1, 0], [1, 0], [1, 0]], "phosphorylation_type": [], "phosphorylation_pme": [], "N_dgf_fixed": 0, "dgf_fixed": [], "ix_dgf_free": [1, 2, 3, 4], "ix_dgf_fixed": [], "priors_drain_test": [[[]], [[]]], "priors_conc_enzyme_test": [[[-0.5108256237659907, 0.1823215567939546, 1.410986973710262, -0.10536051565782628, -0.2231435513142097], [0.0, 0.6931471805599453, 1.0986122886681098, 0.6931471805599453, 1.0986122886681098], [1.0986122886681098, 0.6931471805599453, 0.0, -0.916290731874155, 1.3862943611198906], [0.09531017980432493, -0.916290731874155, 1.0986122886681098, 0.4054651081081644, -0.2231435513142097], [-0.6931471805599453, -0.6931471805599453, -0.6931471805599453, -0.6931471805599453, -0.6931471805599453]], [[0.1, 0.1, 0.1, 0.1, 0.1], [0.1, 0.1, 0.1, 0.1, 0.1], [0.1, 0.1, 0.1, 0.1, 0.1], [0.1, 0.1, 0.1, 0.1, 0.1], [0.1, 0.1, 0.1, 0.1, 0.1]]], "priors_conc_unbalanced_test": [[[1.6094379124341003, -0.6931471805599453], [1.6094379124341003, -0.6931471805599453], [1.6094379124341003, -0.6931471805599453], [1.6094379124341003, -0.6931471805599453], [1.6094379124341003, -0.6931471805599453]], [[0.1, 0.1], [0.1, 0.1], [0.1, 0.1], [0.1, 0.1], [0.1, 0.1]]], "priors_conc_pme_test": [[[]], [[]]], "priors_psi_test": [[0.0, 0.0, 0.0, 0.0, 0.0], [2.0, 2.0, 2.0, 2.0, 2.0]], "N_experiment_test": 5, "N_enzyme_knockout_test": 0, "N_pme_knockout_test": 0, "temperature_test": [298.15, 298.15, 298.15, 298.15, 298.15], "enzyme_knockout_test_long": [], "enzyme_knockout_test_bounds": [[1, 0], [1, 0], [1, 0], [1, 0], [1, 0]], "pme_knockout_test_long": [], "pme_knockout_test_bounds": [[1, 0], [1, 0], [1, 0], [1, 0], [1, 0]], "likelihood": 1, "drain_small_conc_corrector": 1e-06, "penalize_non_steady": 0, "steady_state_threshold_abs": 1e-08, "steady_state_threshold_rel": 0.001, "steady_state_penalty_rel": 1e-08, "rel_tol_ode": 1e-08, "abs_tol_ode": 1e-12, "max_num_steps_ode": 1000000, "rel_tol_alg": 1e-06, "abs_tol_alg": 1e-12, "max_num_steps_alg": 1000000, "conc_init": [[0.38000000000000006, 11.198214143335536], [0.3112876483254676, 3.0099833886584824], [7.989993742175269, 1.161895003862225], [1.2280065146407, 7.899367063252599], [0.4484974916317816, 3.878143885933063]]}