{"dgf": [160.953, -2263.31, -1055.95, -1943.8, 636.255, 547.319, -161.373, -39.4573, 44.2, 375.758, 108.366, 223.646, 198.009, 173.094, 49.4547, -216.712, -2014.52, -1948.58, -46.4737], "dgf_free": [547.319, 44.2, 375.758], "km": [0.000106919, 0.00203015, 0.00113258, 0.00236759, 9.37e-06, 0.000520015, 0.00253545, 2.32e-05, 5.66e-06, 1.06e-05, 1.71e-06, 6.94e-05, 1.98e-05, 0.00845898, 4.24e-05, 2.83e-06, 8.08e-05, 2.09e-05, 4.39e-05], "log_km_z": [0.07429454293551944, 0.18076789111029168, -0.028911670368600983, 0.2576493302051013, -0.13466150891478437, 0.19796225141490886, 0.27265846011290007, -2.050037618465543, 0.11801774179480695, 0.4581453659370771, -0.05426294506802911, -0.12437475110969043, 0.049147193689323763, 0.9491774692418349, 3.0899347665389416, 0.003731708848763973, -0.15821036091349566, -0.10515209144915591, -2.507397776037641], "ki": [0.000346704, 5.56e-06, 5.31e-05], "log_ki_z": [0.01371278864995208, 0.020518575629599647, 0.010466604833232473], "kcat": [7.89577, 19.9215, 1.15777, 10.5307, 234.284, 1.77471, 13.7676, 7.02307, 3.1654, 0.264744], "log_kcat_z": [0.6389349063349583, 0.11589480524667861, -1.209226808172694, 0.5074562435233335, 0.2591343798693651, -0.09089403375059951, -0.13517007457081212, -2.886767596270405, 1.204335993856966, 3.4232135850524092], "dissociation_constant": [0.000316641, 0.00059999, 1.98e-05, 0.000228576, 9.3e-05, 1.46e-05, 2.45e-06], "log_dissociation_constant_z": [0.002638769097696424, -0.0001347765168201914, -2.7866818507206164, -0.13595685784182, 0.004319681295354094, 0.7912046200230902, -0.1012621320557372], "transfer_constant": [0.107657, 131.207, 1.03452, 0.392035], "log_transfer_constant_z": [0.03689003062698082, 2.4383881143726347, 0.0169687755138485, -1.0175082230656154], "kcat_pme": [], "log_kcat_pme_z": [], "drain_train": [[0.000850127], [0.000739119], [0.000764852], [0.000775079], [0.000828287], [0.000726294]], "drain_train_z": [[1.171182654402103], [-0.28752956636005206], [0.05061760840998743], [0.18500657030223475], [0.8841918528252308], [-0.4560578186596571]], "drain_test": [[0.00111607], [0.000743496], [0.000762288], [0.000820257], [0.000789218], [0.00076703], [0.000756734]], "drain_test_z": [[-0.22705779334500845], [-0.2300131406044678], [0.016925098554533575], [0.7786727989487524], [0.370801576872536], [0.07923784494086827], [-0.056057818659657664]], "conc_enzyme_train": [[0.000961712, 0.00098812, 0.00103396, 0.000983692, 0.000977878, 0.00105094, 0.000996603, 0.00134056, 0.0010054, 0.000995525], [0.000968507, 0.000990524, 0.000984899, 0.000991, 0.00101482, 0.00203342, 0.00100073, 0.00104901, 0.000999108, 0.00105319], [0.000998553, 0.000999552, 0.000999718, 0.000958859, 0.00208569, 0.00103107, 0.00100489, 0.0010053, 0.000995252, 0.0010308], [0.0010217, 0.00100641, 0.00103503, 0.00200682, 0.000976883, 0.00100095, 0.00100509, 0.00101597, 0.00100626, 0.00104042], [0.000963985, 0.00195411, 0.0010531, 0.00102073, 0.000991666, 0.00100284, 0.00100196, 0.000971393, 0.00100704, 0.00101369], [0.00100293, 0.00100093, 0.000985098, 0.00103218, 0.0010235, 0.000962025, 0.00100114, 0.000714622, 0.00101131, 0.00104304]], "log_conc_enzyme_train_z": [[-0.3904024943783746, -0.11951131119754876, 0.33396090618428076, -0.16442439057234637, -0.2237036110482471, 0.4968500177804902, -0.03402782904565527, -1.123776709978328, 0.05385472276337566, -0.0448504278467432], [-0.3199956848954866, -0.09521182950303242, -0.15216181138502094, -0.09040744652149435, 0.147112568656933, 0.16571923993697446, 0.007297336796012743, 0.4784686225718726, -0.008923980687356448, 0.5182365372217212], [-0.014480479155114523, -0.00448100381982286, -0.002820397694769383, -0.4201124306272508, 0.41952555195625685, 0.3059709797737753, 0.04878082784332882, 0.05286004429237323, -0.04759307558389381, 0.3033519979607302], [0.21467906615241006, 0.06389543321668079, 0.34430411804506456, 0.03404199133561825, -0.23388388460530152, 0.00949549035587971, 0.050770897402827586, 0.15843821161287686, 0.06240487589454169, 0.39624477783217316], [-0.36679544658626995, -0.23212333743908076, 0.5173819540441382, 0.2051805758939551, -0.08368921939650775, 0.028359748192077205, 0.019580817061610745, -0.29024155190754186, 0.07015334893904601, 0.13597138506025175], [0.029257159162030533, 0.009295678179315203, -0.1501415037330034, 0.3167307045486556, 0.23228126119207104, -0.3871484112811352, 0.011393506934256337, 0.20673396525971555, 0.11246520139731153, 0.4213952619409156]], "conc_enzyme_test": [[0.00104148, 0.00101608, 0.00101962, 0.00108239, 0.000966965, 0.00101423, 0.000998568, 0.00105233, 0.000999926, 0.000978462], [0.000990985, 0.000997676, 0.00108512, 0.000911453, 0.0010362, 0.000944653, 0.1, 0.00100338, 0.00102425, 0.00104419], [0.000979873, 0.000993536, 0.000945742, 0.00100476, 0.000984397, 0.000990808, 0.00100645, 0.00101401, 0.000202629, 0.00101619], [0.0010152, 0.00100424, 0.0010233, 0.00101258, 0.000944561, 0.000994278, 0.000998019, 0.000979404, 0.000998754, 0.00158096], [0.000515633, 0.00101894, 0.000928043, 0.000988201, 0.00106363, 0.000995792, 0.000986353, 0.000948576, 0.000990993, 0.00102698], [0.000999666, 0.000999882, 0.000674963, 0.00101015, 0.000997687, 0.00099902, 0.000995482, 0.000999779, 0.000994755, 0.00104948], [0.00103165, 0.00100841, 0.00123367, 0.00101539, 0.000995683, 0.000997511, 0.00100132, 0.00101156, 0.00100215, 0.0010043]], "log_conc_enzyme_test_z": [[0.40642778462016693, 0.15952086213927075, 0.1943000886294488, 0.7917155910301243, -0.33592978599595646, 0.14129703905807034, -0.014330262918837988, 0.5100675333858451, -0.0007400273813562563, -0.21773327851558832], [-0.09055880992737464, -0.02326704679262548, 0.816905799551364, -0.9271524954995858, 0.35560175398550165, -0.5693761468846414, -2.8025850929940455, 0.03374300638949279, 0.23960637444843336, 0.432414652390154], [-0.20332307552002327, -0.06484982115805948, -0.557854743998325, 0.047487070222036465, -0.15726008011530013, -0.09234507116122614, 0.06429287764903258, 0.13912767053301245, 0.13059354213634577, 0.16060339546513092], [0.15085637418040143, 0.04231036527815313, 0.23032699110572707, 0.12501529222924468, -0.5703500968984798, -0.057384333597729764, -0.019829647757427793, -0.20811055589117444, -0.012467769034154585, 0.525671493563511], [0.30787173697910397, 0.18762871250884494, -0.7467721106252867, -0.11869160630096687, 0.6168758608145897, -0.04216878548040981, -0.13740976280182338, -0.5279336630147569, -0.09047808249246003, 0.26622456560106755], [-0.003340557904234487, -0.0011800696254837817, -0.3642246048807696, 0.10098834677414459, -0.023156791164948842, -0.009804805139612682, -0.045282370075039324, -0.0022102442409899226, -0.052588032991920386, 0.4829480340330594], [0.3115946224910182, 0.08374832982180003, -0.5237079776279163, 0.15272775147030515, -0.04326345149538113, -7.410247381692137, 0.013191295658971924, 0.11493693711214448, 0.021476920574583502, 0.04290781417155998]], "conc_unbalanced_train": [[0.00131546, 0.001, 0.000500016, 0.00145177, 1e-07, 1.01e-06, 2.24e-05, 3.15e-06, 0.00106758, 5e-05, 0.0015873, 1.22e-06, 0.000245139, 2.24e-06], [0.00133369, 0.00100001, 0.000499994, 0.00145981, 1e-07, 9.93e-07, 2.24e-05, 2.79e-06, 0.00131351, 5e-05, 0.00158752, 1.22e-06, 0.000244919, 2.24e-06], [0.00141045, 0.000999998, 0.000500005, 0.00142467, 1e-07, 9.67e-07, 2.24e-05, 2.6e-06, 0.00159891, 5e-05, 0.00158745, 1.22e-06, 0.00024474, 2.24e-06], [0.00146944, 0.000999997, 0.000499997, 0.00147342, 1e-07, 1.01e-06, 2.24e-05, 3.19e-06, 0.00161355, 5e-05, 0.00158748, 1.22e-06, 0.000245193, 2.24e-06], [0.00129565, 0.000999995, 0.000500012, 0.00149208, 1e-07, 1e-06, 2.24e-05, 3.22e-06, 0.00139369, 5e-05, 0.00158742, 1.22e-06, 0.000245272, 2.24e-06], [0.00142194, 0.001, 0.000499987, 0.00150437, 1e-07, 9.88e-07, 2.24e-05, 3.49e-06, 0.00134004, 5e-05, 0.00158747, 1.22e-06, 0.000245467, 2.24e-06]],